slope,p,lower,upper,fuel,year
4.542635,0,4.498424,4.586847,electricity,2097
-11.27846,0,-11.43927,-11.11765,other_energy,2097
-175.9315,0,-183.0968,-168.7662,total_damage,2097