fuel,rcp,iam,unit,ssp,mean,pval,q5,q95
OTHERIND_total_energy,rcp45,high,damage,SSP3,-266.4951661766149,0.2264,-739.9797126075383,92.49346803436
OTHERIND_total_energy,rcp85,high,damage,SSP3,-631.6111567650704,0.29836,-1886.4765768913064,358.57034676581327
OTHERIND_other_energy,rcp45,high,impactpc,SSP3,-1.1548000123554034,0.00272,-2.4004529714591967,-0.39919273555402296
OTHERIND_electricity,rcp45,high,impactpc,SSP3,0.4437718973507664,1e-4,0.16271959990249427,0.902474552392411
OTHERIND_other_energy,rcp85,high,impactpc,SSP3,-2.939757250606546,0.00542,-6.148198366165758,-1.0183601975441052
OTHERIND_electricity,rcp85,high,impactpc,SSP3,1.2074212921392804,2e-5,0.5354464352135839,2.4286383390418615
OTHERIND_total_energy,rcp45,high,proportion_gdp,SSP3,-7.535741360853343e-4,0.2264,-0.002092456612437543,2.615457768616203e-4
OTHERIND_total_energy,rcp85,high,proportion_gdp,SSP3,-0.00178602050697482,0.29836,-0.005334430552987761,0.001013937112505786
